name,email
Rabbi,rmcloughlin0@soup.io
Arron,atreleaven1@php.net
Letta,lreach2@ning.com
Jamey,jbandy3@arizona.edu
Rockwell,rbowcock4@parallels.com
Arlan,asarah5@hp.com
Jose,jtrent6@symantec.com
Dana,dburnyate7@theglobeandmail.com
Arabel,aspencook8@twitter.com
Penrod,props9@indiegogo.com
Larry,lboyfielda@odnoklassniki.ru
Lilias,llivesayb@sakura.ne.jp
Stewart,sstainlandc@independent.co.uk
Irv,iobriend@bigcartel.com
Fred,fskeye@oaic.gov.au
Hobard,hcostelowf@dropbox.com
Frankie,fbraunleg@oracle.com
Farand,fhayerh@homestead.com
Richart,ramori@house.gov
Seth,sstoutj@reference.com
Rey,rkordask@kickstarter.com
Debbi,dreadheadl@shinystat.com
Brant,bwinyardm@canalblog.com
Jameson,jcasonin@google.ca
Janna,jpestrickeo@symantec.com
Ambrosio,akochep@usa.gov
Misty,mrendallq@state.tx.us
Mina,mtrouncerr@sfgate.com
Bettye,bkennewells@google.fr
Lilla,ltottiet@tmall.com
Lemuel,ljansau@illinois.edu
Dyann,dkytterv@woothemes.com
Harland,hrandw@va.gov
Loralie,lbirtwellx@samsung.com
Andee,apaleky@engadget.com
Joline,jdinningtonz@engadget.com
Suzi,ssaby10@ameblo.jp
Meredithe,maglione11@weather.com
Cullen,cglader12@simplemachines.org
Upton,ugoldingay13@elpais.com
Carolin,cmarini14@sphinn.com
Lorant,llumsden15@accuweather.com
Britney,bbartalin16@ed.gov
Norri,nmaddie17@pinterest.com
Corabelle,cbaglan18@forbes.com
Giustino,gkleuer19@nationalgeographic.com
Elwood,edaens1a@icio.us
Pall,pbullivant1b@godaddy.com
Clemmie,cannon1c@google.com
Pryce,pkettlestring1d@vistaprint.com
Corie,cwycherley1e@cnbc.com
Natalie,nstredwick1f@spiegel.de
Harriet,hdaniels1g@umich.edu
Marline,mheinecke1h@issuu.com
Livvy,lvasquez1i@google.ca
Kimberlyn,keastgate1j@elegantthemes.com
Park,phof1k@nifty.com
Erek,egligori1l@java.com
Pincas,pdrowsfield1m@squarespace.com
Caria,cguirard1n@themeforest.net
Jsandye,jciani1o@multiply.com
Tomasine,troxbee1p@g.co
Bret,bkrammer1q@shutterfly.com
Josey,jlockery1r@homestead.com
Austina,amesser1s@sakura.ne.jp
Kacie,kancell1t@weibo.com
Rolland,rvickerstaff1u@360.cn
Leanor,ltrudgion1v@ft.com
Kora,kniles1w@mediafire.com
Ricky,rwayper1x@hc360.com
Roby,rgreenhow1y@printfriendly.com
Eldin,ekapelhoff1z@amazonaws.com
Merrick,mjerrolt20@yellowpages.com
Alleyn,aroles21@japanpost.jp
Charla,cshearwood22@arstechnica.com
Ashlen,amilburne23@jigsy.com
Onida,ohurll24@github.com
Blair,bguynemer25@upenn.edu
Keslie,kroselli26@4shared.com
Hilary,hburling27@telegraph.co.uk
Monte,mgrabbam28@msu.edu
Em,efarloe29@businesswire.com
Vickie,vsnaden2a@jugem.jp
Fleming,fbrigdale2b@nsw.gov.au
Thom,tsabater2c@sina.com.cn
Curran,cgadsby2d@mit.edu
Lancelot,lwathey2e@skyrock.com
Tessy,theijnen2f@sitemeter.com
Karla,kbattman2g@behance.net
Langston,ljinda2h@statcounter.com
Hastie,hbeere2i@arizona.edu
Casper,cingerman2j@seesaa.net
Wilmette,whatzar2k@ed.gov
Aylmar,avanichkin2l@wisc.edu
Hallsy,hcoushe2m@google.ca
Sidnee,slilley2n@delicious.com
Egan,esacher2o@taobao.com
Mallory,mflecknell2p@com.com
Ravid,rgoacher2q@blinklist.com
Christiano,ckleehuhler2r@engadget.com
Janessa,jthorold2s@dailymail.co.uk
Hernando,hhedgeley2t@java.com
Henka,hmacgeffen2u@theguardian.com
Bevvy,bfindley2v@cornell.edu
Ahmad,adeniscke2w@e-recht24.de
Emilee,esulland2x@slashdot.org
Aindrea,apaylor2y@engadget.com
Starlin,saartsen2z@wikispaces.com
Hedwiga,hpalk30@bluehost.com
Darryl,dloines31@yale.edu
Darby,dcastella32@xrea.com
Zebadiah,zmorrell33@mayoclinic.com
Rodi,rwaterstone34@cyberchimps.com
Cyril,cburgne35@ca.gov
Early,elinck36@foxnews.com
Thorvald,tlucian37@chicagotribune.com
Tracie,tboij38@miitbeian.gov.cn
Adore,aricci39@cafepress.com
Rabi,rstocky3a@sitemeter.com
Baily,bsudron3b@dion.ne.jp
Damian,dbennike3c@discovery.com
Kate,kcorson3d@newsvine.com
Ulrike,uquaife3e@hexun.com
Vere,vblakden3f@blinklist.com
Hadleigh,hgirardini3g@blogspot.com
Hamish,hraithbie3h@phpbb.com
Boy,blackie3i@newyorker.com
Germain,gjosiah3j@ucsd.edu
Bellanca,bwoodley3k@shareasale.com
Teddy,twegenen3l@nhs.uk
Dallis,dismail3m@nymag.com
Tyrone,tmooreed3n@columbia.edu
Angie,amorling3o@lycos.com
Stu,spellissier3p@taobao.com
Othelia,ohehl3q@miibeian.gov.cn
Klement,kgores3r@sogou.com
Meggie,mcumes3s@rambler.ru
Morie,mwinterborne3t@epa.gov
Katharina,kmullarkey3u@trellian.com
Giffy,gciccarello3v@ed.gov
Elvis,eteeney3w@dion.ne.jp
Rebekkah,rcranmore3x@reverbnation.com
Valerye,vherkess3y@uol.com.br
Eleonora,eschwander3z@trellian.com
Dosi,dkebell40@booking.com
Wakefield,wdimeloe41@diigo.com
Ardenia,acardow42@creativecommons.org
Neill,ngully43@howstuffworks.com
Horst,hjakolevitch44@wordpress.org
Melodie,misgar45@ucla.edu
Laina,lenstone46@360.cn
Carlynne,churler47@washingtonpost.com
Charla,ckippax48@state.tx.us
Nikita,ngludor49@typepad.com
Donella,dtaleworth4a@huffingtonpost.com
Kailey,kbawme4b@yellowpages.com
Nickey,nrigate4c@amazon.de
Genna,gcreer4d@bbb.org
Jacenta,jhathaway4e@taobao.com
Shoshana,shutson4f@livejournal.com
Germain,gbygott4g@vkontakte.ru
Rodolfo,redeler4h@theatlantic.com
Vanda,vwixon4i@psu.edu
Jereme,jrosberg4j@jigsy.com
Sallyanne,smanchett4k@marketwatch.com
Nana,nlyston4l@ibm.com
Halimeda,hcanaan4m@so-net.ne.jp
Kimble,krenneke4n@edublogs.org
Oriana,ocavell4o@skyrock.com
Adrianne,achessman4p@reddit.com
Darwin,ddanielczyk4q@opensource.org
Reeba,rrobiou4r@tinyurl.com
Billie,bandrini4s@indiatimes.com
Rickie,rpavlenko4t@xinhuanet.com
Wynnie,wbiggerdike4u@mashable.com
Fleming,fzaniolo4v@icq.com
Ilaire,ibriiginshaw4w@fotki.com
Carissa,clarkby4x@salon.com
Ario,admitrievski4y@booking.com
Violetta,vkupka4z@acquirethisname.com
Dew,dholmyard50@cdc.gov
Esther,egoodenough51@yandex.ru
Pascale,pscholes52@sina.com.cn
Rozamond,rbritto53@phoca.cz
Eduino,emadle54@msu.edu
Leonhard,lgotter55@pbs.org
Artus,aayres56@prnewswire.com
Annnora,acampelli57@cbslocal.com
Buffy,bbrunone58@netlog.com
Lewiss,lcoen59@ning.com
Ernesto,estarsmeare5a@google.co.uk
Maryjo,mkitcher5b@exblog.jp
Ashely,aheed5c@blogs.com
Laney,lbarhem5d@lulu.com
Welsh,wdunge5e@bloglines.com
Tierney,tpurseglove5f@microsoft.com
Sarine,ssellick5g@g.co
Hew,hivanchov5h@vinaora.com
Nady,nruppert5i@chronoengine.com
Ilse,ifawdrey5j@wikia.com
Clio,cfloodgate5k@umn.edu
Clint,cjuppe5l@goo.gl
Thedrick,tgiffen5m@virginia.edu
Andre,agarrigan5n@storify.com
Nerte,nalfwy5o@amazon.com
Bard,bkuhnhardt5p@mit.edu
Gilli,gcrab5q@uiuc.edu
Genvieve,gmccamish5r@businessinsider.com
Gratia,gquene5s@accuweather.com
Lloyd,lharriot5t@biglobe.ne.jp
Coleman,cwickersley5u@hp.com
Darelle,dmacduff5v@cdc.gov
Laurie,ldemanuele5w@npr.org
Betsy,bleeke5x@hugedomains.com
Zachery,zcowan5y@berkeley.edu
Faustina,ftidmas5z@creativecommons.org
Darell,dbaltrushaitis60@macromedia.com
Nicki,nbeldum61@alibaba.com
Dre,durpeth62@hc360.com
Ethyl,ewardley63@cnet.com
Ossie,ohugonin64@pinterest.com
Tyne,toleksinski65@free.fr
Benedick,bpeat66@berkeley.edu
Donnie,dfaux67@amazonaws.com
Wrennie,wmiddleton68@sogou.com
Jourdan,jvaskin69@deliciousdays.com
Lenci,lbresner6a@vinaora.com
Alina,atrorey6b@jiathis.com
Clemmy,creddlesden6c@stanford.edu
Myrvyn,mgreatorex6d@cpanel.net
Kari,kdahler6e@theguardian.com
Peder,pmcnirlan6f@cdc.gov
Curr,craisher6g@devhub.com
Yorke,yburnyeat6h@meetup.com
Katrina,korrum6i@chicagotribune.com
Federico,flukianovich6j@theguardian.com
Nariko,ndonohoe6k@twitpic.com
Rubina,rmougeot6l@yellowbook.com
Gay,glevis6m@cpanel.net
Sara,sbelward6n@mlb.com
Traver,trawstorn6o@deliciousdays.com
Brittne,bladell6p@seesaa.net
Sibley,sphilipp6q@hp.com
Angeli,arawlcliffe6r@yahoo.com
Westbrook,wtreske6s@ustream.tv
Leonhard,lalway6t@constantcontact.com
Delia,djewel6u@oaic.gov.au
Eward,epechet6v@google.com.au
Sigmund,smealiffe6w@macromedia.com
Karine,kescoffrey6x@skyrock.com
Blythe,bwaldocke6y@rambler.ru
Moreen,mpaulig6z@ft.com
Aprilette,aletcher70@ning.com
Emalia,edoyley71@house.gov
Rosene,rsharp72@hexun.com
Horacio,hfarquar73@ed.gov
Erasmus,ecaselick74@indiegogo.com
Zita,zdanher75@behance.net
Rosco,rshepheard76@businessweek.com
Liva,lkineton77@oaic.gov.au
Marylin,myard78@cmu.edu
Elga,etrevethan79@unesco.org
Evelyn,ezanni7a@weebly.com
Pauline,pkrop7b@mozilla.org
Florry,ffairbrother7c@earthlink.net
Candy,cadriani7d@ca.gov
Aili,agant7e@princeton.edu
Antonio,abrimm7f@cdbaby.com
Burg,bbarczynski7g@nature.com
Annetta,abedboro7h@google.co.jp
Fidelio,fguillford7i@mapy.cz
Gerianne,gavieson7j@woothemes.com
Eal,etucknott7k@freewebs.com
Merci,mtough7l@theglobeandmail.com
Madonna,mdraper7m@fda.gov
Gerri,gyeude7n@intel.com
Mikael,mleyburn7o@digg.com
Lizabeth,locorren7p@symantec.com
Galen,goshirine7q@opensource.org
Arlena,abeldon7r@desdev.cn
Clywd,ccomerford7s@histats.com
Joli,jgeffcock7t@ameblo.jp
Glenden,gpawelec7u@google.cn
Sharia,sbaskeyfield7v@kickstarter.com
Catlin,csexcey7w@feedburner.com
Flinn,fmechem7x@prnewswire.com
Joseito,jduplain7y@hatena.ne.jp
Emmaline,emeritt7z@gov.uk
Amby,akirkby80@sfgate.com
Marco,mkevis81@craigslist.org
Bili,bgough82@bloomberg.com
Ossie,ocovely83@mozilla.org
Nyssa,nbigly84@earthlink.net
Nathan,nhigford85@foxnews.com
Halette,hkohlerman86@economist.com
Goldy,gchaim87@cbslocal.com
Clerc,clias88@abc.net.au
Leroy,lewers89@yellowbook.com
Peyter,psmewings8a@go.com
Hester,htutchener8b@yelp.com
Aubree,adrewett8c@nasa.gov
Fons,fmancktelow8d@paypal.com
Mallory,mwight8e@360.cn
Reagen,rvalenssmith8f@cbsnews.com
Shepard,ssimoneschi8g@slideshare.net
Kameko,kdat8h@nytimes.com
Consuela,criding8i@sciencedirect.com
Andrej,achicken8j@last.fm
Pansie,pgrime8k@twitter.com
Wenona,wweatherell8l@upenn.edu
Ev,efettes8m@woothemes.com
Gill,gdyers8n@nbcnews.com
Niko,nairey8o@loc.gov
Kara,klendrem8p@sfgate.com
Guido,gpetranek8q@xrea.com
Mahmoud,mprater8r@tmall.com
Max,mledstone8s@4shared.com
Murdock,mclyne8t@newsvine.com
Cesare,ctute8u@macromedia.com
Kennett,ktizzard8v@usatoday.com
Dreddy,dmccloughlin8w@alibaba.com
Sollie,swhannel8x@webs.com
Henri,hdhenin8y@samsung.com
Rahal,rborkin8z@rakuten.co.jp
Monroe,mbrent90@guardian.co.uk
Timothea,tpryde91@nhs.uk
Aland,aballach92@paginegialle.it
Claribel,cbenjefield93@lulu.com
Kori,kfetherstone94@umn.edu
Noll,nskivington95@ed.gov
Nikaniki,nfishwick96@archive.org
Norton,nwerner97@cocolog-nifty.com
Lorrie,lheakey98@canalblog.com
Shawna,sinchley99@tripadvisor.com
Chrysa,cpughsley9a@opensource.org
Em,elendon9b@cloudflare.com
Amalia,alindborg9c@independent.co.uk
Toiboid,twickett9d@princeton.edu
Timothy,tsikorski9e@nyu.edu
Arnold,ahelkin9f@google.nl
Farand,fgeary9g@freewebs.com
Ardene,aswaite9h@sfgate.com
Karlotta,klodden9i@zdnet.com
Alan,acanet9j@oaic.gov.au
Bria,bhardwell9k@deviantart.com
Elton,evidineev9l@flickr.com
Curcio,cagate9m@topsy.com
Ronica,rjanney9n@msn.com
Rufe,rgiroldi9o@vinaora.com
Bertrando,bbesnard9p@is.gd
Aubry,ajedrzaszkiewicz9q@friendfeed.com
Shaughn,sbrabant9r@toplist.cz
Nicholas,nmccullock9s@mapquest.com
Rouvin,ryakunin9t@cnbc.com
Hodge,hfortune9u@behance.net
Emlen,eflello9v@4shared.com
Normy,nwarlton9w@behance.net
Nertie,nmacgilrewy9x@wikispaces.com
Welsh,wensor9y@photobucket.com
Hoebart,hshowers9z@about.com
Kristopher,kdallandera0@adobe.com
Cherrita,cmealiffea1@cafepress.com
Hollis,htinmoutha2@google.com.hk
Stephen,slassletta3@angelfire.com
Brinna,bbrundilla4@over-blog.com
Seth,syosselevitcha5@1und1.de
Nevile,nsallariea6@github.com
Aurelea,awormalda7@chronoengine.com
Evan,ecollicotta8@cloudflare.com
Sherwood,sserlea9@delicious.com
Mycah,mseeleyaa@i2i.jp
Sidonnie,sworhamab@nydailynews.com
Aubrette,atutingac@discuz.net
Kristine,kwhyffenad@nationalgeographic.com
Rachel,rironsideae@istockphoto.com
Thelma,todriscollaf@mail.ru
Trudy,tbrownfieldag@alexa.com
Xylina,xpearmainah@hugedomains.com
Irwin,ipuddleai@scribd.com
Tan,tclaworthaj@noaa.gov
Ty,tthorbonak@dailymail.co.uk
Panchito,pdobleal@npr.org
Welch,wcossumam@mapy.cz
Fanni,fcauldwellan@sitemeter.com
Lizzie,lconaghyao@cam.ac.uk
Jakob,jrushbrookeap@issuu.com
Susana,smcgilbenaq@latimes.com
Alon,abindinar@ask.com
Klement,kshimminas@wunderground.com
Andras,aaleavyat@google.nl
Sayer,segeau@narod.ru
Ranee,rphillippoav@blinklist.com
Kaitlin,krickertaw@sakura.ne.jp
Natalee,nguerrieriax@rediff.com
Zita,zselburnay@wikimedia.org
Minette,mtwinbourneaz@bluehost.com
Bengt,bchaveyb0@about.com
Arluene,asmithemanb1@plala.or.jp
Jessa,jgerholdb2@paginegialle.it
Jordon,jcocklingb3@unc.edu
Jobi,jhyndsonb4@virginia.edu
Anastasie,areddanb5@blog.com
Donnell,dghilardib6@sitemeter.com
Helaina,htouretb7@jigsy.com
Celisse,ckinghornb8@seattletimes.com
Karlene,klongob9@admin.ch
Allix,awhileba@cnet.com
Jeffie,jlinkiebb@t-online.de
Kory,kdreppbc@hc360.com
Iona,imagwoodbd@google.fr
Shirley,stembridgebe@yale.edu
Doralyn,dfetherstonebf@ucla.edu
Bayard,bperotbg@prnewswire.com
Britni,bdeblingbh@cloudflare.com
Menard,mgirtonbi@umn.edu
Lyn,lgiblettbj@pcworld.com
Jeannine,jgerriebk@tinypic.com
Gwendolen,groddenbl@nyu.edu
Chrisy,cdundendalebm@tinypic.com
Gabbey,grosonibn@samsung.com
Dan,dlammersbo@icq.com
Dolores,dkynastonbp@artisteer.com
Antonina,atargettbq@shareasale.com
Rip,rgaberbr@amazon.com
Juditha,jkleinberbs@diigo.com
Carlyn,cdegiovannibt@cnbc.com
Orbadiah,onewtownbu@yale.edu
Nolly,nlismorebv@accuweather.com
Byram,bgrigollibw@tmall.com
Dorian,dmaccaribx@foxnews.com
Ike,iwhyffenby@house.gov
Kesley,kclercbz@cbslocal.com
Sidonnie,sberrimanc0@blogs.com
Gasper,gmacallesterc1@cnn.com
Celinka,crenadc2@github.com
Sholom,sdunbavinc3@moonfruit.com
Nicolina,ndomerquec4@apple.com
Ulrike,ucarlc5@squidoo.com
Earl,ekearfordc6@yahoo.com
Lorry,lpinckstonec7@oakley.com
Jorge,jfathersc8@vinaora.com
Gare,gmurnamec9@flavors.me
Malchy,mkowalskica@google.pl
Dom,dhendincb@people.com.cn
Shaine,sdoellecc@skype.com
Ramonda,rdunbabincd@nps.gov
Edyth,ebranchflowerce@topsy.com
Korie,kelsworthcf@si.edu
Rafaela,rberkelycg@apple.com
Brooke,bsphinxech@economist.com
Onofredo,owoolfallci@whitehouse.gov
Kaye,kthiesecj@naver.com
Payton,pormondck@elegantthemes.com
Riley,rdeegincl@ucsd.edu
Wyatan,wjeanoncm@hatena.ne.jp
Trixy,tclemotcn@squarespace.com
Corella,ctriebnerco@xinhuanet.com
Renaldo,rygocp@topsy.com
Tamarra,tlicquorishcq@wikipedia.org
Goldie,groomscr@ucsd.edu
Thedric,tgrubycs@yelp.com
Nickie,nbudgect@addtoany.com
Barbee,bbehrenscu@domainmarket.com
Florette,fbessoncv@sciencedaily.com
Arlyn,acustedcw@reference.com
Dorree,dhinkencx@moonfruit.com
Gunner,ghaslency@slate.com
Durante,dlohdencz@squidoo.com
Dallas,dharkinsd0@nbcnews.com
Garek,goswickd1@rambler.ru
Britt,bwaterstoned2@usatoday.com
Isadore,irenvoysd3@msu.edu
Gerri,gslattend4@goodreads.com
Elisa,eeveristd5@mozilla.com
Patin,pmazzeod6@seesaa.net
Chery,cvareyd7@drupal.org
Sissie,smecchid8@ucoz.com
Anatollo,acleoburyd9@mapy.cz
Rosalia,rlundieda@behance.net
Josselyn,jgianottidb@vimeo.com
Nobe,nmacklamdc@edublogs.org
Tiffani,tmillichipdd@blogspot.com
Yardley,ycozzide@netscape.com
Kitti,kpickupdf@accuweather.com
Delmer,digglesdendg@dmoz.org
Allard,acourtdh@tmall.com
Constantia,ccheesworthdi@bigcartel.com
Andre,abuckhurstdj@gizmodo.com
Melodie,mjozsefdk@msu.edu
Ashla,amateosdl@rediff.com
Ingmar,igallimoredm@smh.com.au
Constance,csyphusdn@twitter.com
Levi,lsackeydo@google.com
Bertrand,bdunsdp@gnu.org
Carver,climeburnerdq@gravatar.com
Jamey,jwillcotdr@disqus.com
Sidney,smcgaugeyds@aboutads.info
Aksel,ariglesforddt@meetup.com
Lukas,lshambrookedu@ycombinator.com
Corabella,cswannickdv@eventbrite.com
Brittan,bmcgivendw@unesco.org
Garrick,gorrockdx@over-blog.com
Gustav,gcarletondy@yahoo.com
Lanie,laspinwalldz@clickbank.net
Adair,amcgraghe0@si.edu
Abigale,awoodagee1@whitehouse.gov
Ethan,efiste2@auda.org.au
Rupert,rswetenhame3@yelp.com
Cherey,cklasene4@sina.com.cn
Odell,omackernesse5@uiuc.edu
Joela,jwyborne6@slate.com
Clemmy,cduplocke7@patch.com
Bebe,bcalbrathee8@eepurl.com
Annemarie,aalane9@unc.edu
Veda,vguinessea@flavors.me
Joan,jcomellieb@pagesperso-orange.fr
Laura,lkilfeatherec@mozilla.com
Guss,gdovingtoned@slate.com
Clywd,ccharloee@indiatimes.com
Belle,bthornallyef@gov.uk
Neda,nyandelleg@huffingtonpost.com
Wynne,whailstoneh@microsoft.com
Maryann,mrealei@infoseek.co.jp
Tara,tmccurleyej@shareasale.com
Gerty,grobertotek@homestead.com
Callida,cvestyel@360.cn
Clarabelle,cpresterem@bloglovin.com
Hilde,hhukinsen@naver.com
Christine,cpettiseo@jiathis.com
Kip,kbehninckep@merriam-webster.com
Caterina,cgregsoneq@japanpost.jp
Sylvia,sscammeller@lycos.com
Tull,taultones@wired.com
Lissi,lgrintet@theguardian.com
Staffard,spaulyeu@seesaa.net
Marybeth,mkarmelev@sun.com
Uri,ubrandhardyew@goo.ne.jp
Jean,jchaimex@wufoo.com
Lorita,ldeknevetey@gnu.org
Alexandro,aarentsez@ocn.ne.jp
Koenraad,kchattawayf0@studiopress.com
Norene,nlabbef1@wix.com
Roma,rkynderf2@desdev.cn
Garry,grodellf3@godaddy.com
Wilone,wcasinaf4@tamu.edu
Tatum,tdinseyf5@etsy.com
Brooke,bfordhamf6@cpanel.net
Umberto,uhacquoilf7@bizjournals.com
Brigitta,bweightf8@cbsnews.com
Minnie,mruslingf9@sourceforge.net
Garrard,gcantfa@opensource.org
Ron,rhorickfb@oaic.gov.au
Geoffry,gdensumbefc@reddit.com
Salomone,sgilhoolyfd@answers.com
Damita,ddunkfe@facebook.com
Colleen,cshorterff@businessweek.com
Britni,bwoolfootfg@craigslist.org
Julee,jmifflinfh@privacy.gov.au
Lance,lcleftfi@mashable.com
Miriam,mivesfj@dmoz.org
Bettye,bbalasinifk@purevolume.com
Christian,cfoulksfl@myspace.com
Orland,opainefm@nytimes.com
Brina,bwintersonfn@fda.gov
Danya,ddahmkefo@goo.ne.jp
Vidovik,vpigramfp@ed.gov
Minni,mbraneyfq@aol.com
Anton,ahanbidgefr@china.com.cn
Fedora,fshearstonefs@miibeian.gov.cn
Silvester,sibbettft@parallels.com
Margaretha,mwheelikerfu@instagram.com
Nert,nchecklinfv@unc.edu
Skippy,slockettfw@ustream.tv
Anthea,ahollebonfx@google.co.uk
Freddy,fmccreafy@over-blog.com
Lavena,lgambiefz@walmart.com
Danie,dbuxsyg0@jalbum.net
Sarine,smamwellg1@paginegialle.it
Emanuele,ehordleg2@wikimedia.org
Patrizia,pletfordg3@discuz.net
Kinna,kbunteng4@japanpost.jp
Quintina,qspragueg5@youku.com
Vivyanne,vmckibbeng6@php.net
Irvine,imallindineg7@redcross.org
See,sdrong8@scientificamerican.com
Demetris,dmarchandg9@vk.com
Hanan,hrobjentsga@addtoany.com
Roxana,rpetheridgegb@amazon.co.jp
Delcine,dbeartgc@paypal.com
Adelaida,amalingd@mozilla.com
Mersey,mworswickge@alibaba.com
Estrellita,esheragf@toplist.cz
Seka,sholtawaygg@theguardian.com
Sloan,sstonhousegh@delicious.com
Peter,pgoscombgi@reuters.com
Barnebas,bkittgj@paypal.com
Shurlock,sjaumegk@behance.net
Madelyn,mcudmoregl@sciencedaily.com
Farr,fkeareygm@walmart.com
Afton,apallesengn@netscape.com
Farand,fvautiergo@vk.com
Rowe,rmortengp@dailymail.co.uk
Juieta,jgravergq@canalblog.com
Elyssa,ewhitmellgr@cafepress.com
Dayle,dceriegs@hibu.com
Clive,crosedalegt@domainmarket.com
Leah,lschefflergu@netlog.com
Moselle,mfloodgategv@walmart.com
Julietta,jsongergw@bizjournals.com
Harriette,hcharlotgx@hugedomains.com
Ebonee,eglencorsegy@miibeian.gov.cn
Portie,pwelfaregz@toplist.cz
Constance,cgambrellh0@auda.org.au
Tammy,thesseh1@marketwatch.com
Daffy,dbonsaleh2@ask.com
Claiborn,cledsonh3@deviantart.com
Darius,djozsikah4@wunderground.com
Marys,mrunhamh5@princeton.edu
Olivero,ocartmellh6@nasa.gov
Marrilee,mwebbornh7@dropbox.com
Dru,dtoozeh8@uiuc.edu
Claudell,cpochinh9@msn.com
Fae,fdybleha@trellian.com
Anabella,adrihb@economist.com
Dukey,dpidgenhc@purevolume.com
Devin,durlichhd@goodreads.com
Felita,ffacherhe@altervista.org
Brandi,baudreyhf@51.la
Agace,ablakesleehg@moonfruit.com
Alf,aargenthh@163.com
Staford,spoffhi@nature.com
Fanni,fcowelyhj@marketwatch.com
Dee,dbetjemanhk@who.int
Evan,epierrepointhl@seesaa.net
Stacy,sduleyhm@rambler.ru
Thibaut,tsimonhn@howstuffworks.com
Hanny,hwallbuttonho@creativecommons.org
Malachi,mbuesdenhp@booking.com
Cyndia,cughihq@hubpages.com
Clemence,cwallbankhr@fc2.com
Thebault,tscutcheonhs@prnewswire.com
Orson,oohrtmannht@answers.com
Page,pweyhu@marriott.com
Terrill,tderooshv@ezinearticles.com
Enrica,eamishw@twitter.com
Arly,ableazardhx@zimbio.com
Kipp,kwillettshy@123-reg.co.uk
Roderigo,rclearhz@irs.gov
Nickie,nlejeani0@sciencedirect.com
Hymie,hsarchwelli1@prlog.org
Bertrand,bhaseli2@woothemes.com
Maxi,mstuckowi3@pinterest.com
Dasi,ddobbiei4@google.co.jp
Julissa,jcowthardi5@wikimedia.org
Caresse,ctraversi6@sourceforge.net
Keri,krummingi7@marketwatch.com
Derry,dmechani8@dion.ne.jp
Lamond,lelstonei9@tiny.cc
Agretha,adythamia@ebay.co.uk
Skell,sabbyib@youtube.com
Ricardo,rgontieric@thetimes.co.uk
Yevette,ybiscombid@nature.com
Andra,aponterie@rakuten.co.jp
Verne,vheightif@edublogs.org
Shae,sosmarig@mapquest.com
Lisette,ljindrakih@spotify.com
Trina,tpenniniii@networkadvertising.org
Laurella,ltruslerij@aol.com
Maynard,mdurstonik@weibo.com
Lucy,lshovelleril@dmoz.org
Etta,edavidovitzim@dedecms.com
Ignatius,ibartomeuin@mlb.com
Ali,amarzelliio@ucsd.edu
Darsey,dbowcockip@list-manage.com
Valery,vrigolleiq@fotki.com
Loutitia,lguppieir@shutterfly.com
Ajay,abrunickeis@vk.com
Langsdon,lpendockit@pcworld.com
Ede,elankhamiu@comcast.net
Daphne,ddinisiv@weibo.com
Milt,msalesiw@answers.com
Trish,ttitleyix@nytimes.com
Sashenka,sessameiy@indiegogo.com
Renate,rpelzeriz@fda.gov
Cosette,cebbettj0@narod.ru
Lissie,lsadryj1@paypal.com
Preston,pchaudhryj2@list-manage.com
Lorri,lmcaulayj3@auda.org.au
Joelly,jettridgej4@list-manage.com
Melisandra,mgladtbachj5@salon.com
Maribel,mriddingtonj6@gmpg.org
Harri,hhargatej7@umn.edu
Marchelle,mleamingj8@umich.edu
Gerrilee,gmathiesonj9@friendfeed.com
Skye,ssysonja@ow.ly
Pietrek,pmargettjb@umich.edu
Debi,dconachiejc@biblegateway.com
Jacklin,jcaccavarijd@paypal.com
Fawne,fburnhamje@eepurl.com
Moyna,mdanshinjf@dailymotion.com
Shelby,saltyjg@disqus.com
Barb,bpudenjh@skyrock.com
Deanna,dandrosikji@phoca.cz
Tallia,tskulljj@topsy.com
Tonya,twarsapjk@hostgator.com
Lynn,lwalpolejl@joomla.org
Knox,kgrindlayjm@skype.com
Baxy,bkobierajn@xinhuanet.com
Cristabel,cmcgiffinjo@privacy.gov.au
Randy,rdinesenjp@sakura.ne.jp
Colline,cbrashjq@hhs.gov
Casar,cdeeneyjr@woothemes.com
Garey,ggoskerjs@tuttocitta.it
Chico,chawkeyjt@ox.ac.uk
Madel,mberzenju@paginegialle.it
Althea,adaviddijv@livejournal.com
Agnola,awolfejw@kickstarter.com
Willy,wvasyushkhinjx@parallels.com
Gilbertine,gdockreyjy@fc2.com
Prentiss,pbutsonjz@blinklist.com
Thia,tstackk0@blogspot.com
Silvio,scallisterk1@istockphoto.com
Lonna,lmckechniek2@so-net.ne.jp
Der,dfibbensk3@sciencedaily.com
Hazel,hschollk4@cargocollective.com
Wandis,wcurtonk5@wordpress.com
Reider,rbootyk6@pagesperso-orange.fr
Shaine,srambautk7@mozilla.org
Gal,gbeaverk8@columbia.edu
Kitti,kashlink9@slate.com
Homer,hjenkska@livejournal.com
Erinna,ecolletekb@google.nl
Kippy,kboultwoodkc@bravesites.com
Silvie,smildnerkd@ucoz.ru
Tiffie,teaglenke@squidoo.com
Renie,rgrcickf@berkeley.edu
Cybil,cirnyskg@drupal.org
Rasia,rgoldbergkh@webeden.co.uk
Jennica,jgroartyki@odnoklassniki.ru
Nevin,nskillittkj@bloglovin.com
Sandro,smeaddowcroftkk@aboutads.info
Aguistin,aidekl@discuz.net
Bard,bstraunkm@ovh.net
Whit,wstraceykn@tmall.com
Mimi,mcrabbeko@uol.com.br
Aymer,aklouzkp@360.cn
Brendan,bwincomkq@ezinearticles.com
Morganica,mmuddlekr@mozilla.com
Stuart,sdunkleyks@businesswire.com
Zelma,zgareykt@mit.edu
Dar,dmedfordku@biglobe.ne.jp
Yolanda,yfleemingkv@about.me
Vance,vwoolrichkw@cargocollective.com
Walker,wskaifekx@house.gov
Northrop,nmarcumky@phoca.cz
Thebault,ttingeykz@typepad.com
Andrea,achampneysl0@phoca.cz
Miguela,mbigleyl1@ehow.com
Rudy,rabrahmovicil2@google.com.br
Eddi,efernanl3@seattletimes.com
Ignace,iciobutarol4@wired.com
Clemmy,chanburyl5@miitbeian.gov.cn
Marjy,mtredgetl6@delicious.com
Noelle,nohogertiel7@senate.gov
Raynor,rclearyl8@ucoz.ru
Margarete,mmcblainl9@slideshare.net
Guilbert,gbrokenbrowla@about.me
Lilyan,lleemanslb@pinterest.com
Nalani,nboggslc@sakura.ne.jp
Karlie,klearld@cisco.com
Adrea,abowlele@mozilla.com
Tye,tomullanlf@privacy.gov.au
Brant,bmcdowalllg@mozilla.com
Obediah,ofeatherbylh@cpanel.net
Savina,saubrili@paginegialle.it
Chryste,csilberlj@imgur.com
Kendal,kvasnetsovlk@ted.com
Zorina,zdowdingll@chicagotribune.com
Mignon,mfairclothlm@walmart.com
Guthrie,gsleightholmeln@google.co.jp
Dylan,dlargenlo@smugmug.com
Kendell,kyeatslp@shareasale.com
Paola,pgecklq@jugem.jp
Germain,gbattylllr@edublogs.org
Staffard,seburnels@dailymail.co.uk
Violante,vdeanelt@networksolutions.com
Renaldo,rkennedylu@i2i.jp
Margette,mhainninglv@geocities.jp
Charlotte,cgrimbaldestonlw@weather.com
Lea,lcolmerlx@wix.com
Christi,cohoolahanly@nsw.gov.au
Alexis,abroganlz@sphinn.com
Felipe,flucasm0@cam.ac.uk
Starlin,sfleischmannm1@soup.io
Cole,cgleesonm2@wsj.com
Kylie,kcornessm3@phpbb.com
Joshuah,jcurnuckem4@apache.org
Rockwell,rkruschevm5@mtv.com
Franny,fwoolstenholmesm6@psu.edu
Farrand,flumbym7@ihg.com
Korrie,kkilnerm8@ucoz.com
Rafaellle,rgaim9@sina.com.cn
Joice,jpasslerma@toplist.cz
Darcie,drawstornemb@eventbrite.com
Robin,rjurczykmc@discuz.net
Wakefield,wspaughtonmd@virginia.edu
Teodorico,tnendme@fotki.com
Dyann,dhandforthmf@blogger.com
Cammy,chelksmg@chron.com
Danika,dletixiermh@google.fr
Laurel,lgrugerrmi@google.pl
Bella,bgillardmj@mit.edu
Aleece,anillesmk@amazon.co.jp
Ivie,ischrinelml@webnode.com
Christabel,chowdenmm@hhs.gov
Reube,rspelmanmn@oakley.com
Carolan,cketchenmo@dot.gov
Harald,hleeburnmp@about.com
Rollin,rbelsonmq@spotify.com
Lyda,lbowskillmr@soup.io
Rivalee,rbaughamms@dropbox.com
Evaleen,egreenroydmt@elpais.com
Merle,mhansommu@jalbum.net
Garrett,gramshawmv@51.la
Silva,sbevarmw@illinois.edu
Mufinella,msparymx@imgur.com
Orren,osambrookmy@reuters.com
Arielle,abrimblemz@sourceforge.net
Devondra,dskilbeckn0@cpanel.net
Jackelyn,jsmallpeicen1@goo.gl
Shalom,sexrolln2@odnoklassniki.ru
Derek,dwatkissn3@icio.us
Brander,bjewittn4@msn.com
Chrisse,chowittn5@bandcamp.com
Harv,hstallann6@weebly.com
Drusie,dedglern7@lulu.com
Ody,onewhousen8@sun.com
Kennedy,kgowenlockn9@paypal.com
Andie,amorrattna@bbb.org
Chic,cscottinb@narod.ru
Jeniece,joddync@furl.net
Tudor,tmelannd@51.la
Ted,tkippinne@narod.ru
Charline,clytellnf@hc360.com
Cully,ctellettng@blogger.com
Aveline,abaternh@blogger.com
Ellie,elashamni@abc.net.au
Tybi,tganleynj@wufoo.com
Lavinia,lmorotnk@phoca.cz
Jemmie,jjakawaynl@hp.com
Danny,dsreenannm@hud.gov
Mirna,myuranovevnn@shop-pro.jp
Sarge,sbaggalleyno@twitpic.com
Humfrid,hfiellernp@360.cn
Antone,aharkusnq@skyrock.com
Ambros,alanonnr@npr.org
Milka,mfruchonns@prweb.com
Ferrell,fcullernent@dion.ne.jp
Chelsy,creinischnu@timesonline.co.uk
Alessandra,alytllenv@cbc.ca
Tiphanie,twrennallnw@clickbank.net
Virgil,vzuenellinx@example.com
Cleveland,cbeardonny@usatoday.com
Jeffrey,jsortonnz@livejournal.com
Kort,kcharleswortho0@furl.net
Sandie,sbaiteyo1@imgur.com
Tatum,tbrollyo2@webeden.co.uk
Thoma,tmcgreilo3@seattletimes.com
Crosby,cdedeio4@cbsnews.com
Deana,drubenchiko5@eepurl.com
Winna,wmacgettigeno6@opensource.org
Terencio,tfaierso7@bbc.co.uk
Brant,bsavidgeo8@devhub.com
Roland,rpratero9@tumblr.com
Nate,nmccaughranoa@ovh.net
Juli,jgilbertob@ted.com
Zachariah,ztirrelloc@sitemeter.com
Sanderson,sadolthineod@sitemeter.com
Alaine,apursgloveoe@gizmodo.com
Peta,psmidmorof@parallels.com
Findlay,fstickfordog@timesonline.co.uk
Beatriz,bscullardoh@trellian.com
Isabelle,iwestgateoi@storify.com
Kevin,kaitchisonoj@ca.gov
Jaquith,jpibornok@printfriendly.com
Brendan,blenchenkool@joomla.org
Karalynn,kcasacchiaom@rediff.com
Rosalind,rtremoilleon@trellian.com
Hertha,headenoo@google.pl
Jessey,jcorbyop@desdev.cn
Thadeus,tambroginioq@posterous.com
Gerick,gmcmurtyror@skype.com
Augy,atauntonos@hubpages.com
Willi,wsaulterot@livejournal.com
Fawnia,fcoxwellou@sciencedirect.com
Duff,dscreaseov@mapquest.com
Bradan,bwheatcroftow@pcworld.com
Colette,cspringettox@un.org
Nobe,ncordeletteoy@canalblog.com
Anthea,agawthropoz@cdc.gov
Isidor,iferrolip0@gravatar.com
Niki,nspikingsp1@ucla.edu
Charlena,ccareyp2@vimeo.com
Morna,mzealyp3@ehow.com
Kerwinn,kstoitep4@furl.net
Claybourne,cboulterp5@dyndns.org
Gert,gfullwoodp6@skype.com
Piggy,pgombyp7@newyorker.com
Thurston,taspinalp8@mit.edu
Charmion,csouthcombep9@biblegateway.com
Fredia,fmcvaughpa@icq.com
Swen,smartinellopb@icq.com
Merwyn,mwaliszekpc@time.com
Toma,ttwelvetreespd@123-reg.co.uk
Cory,cargylepe@indiatimes.com
Sterling,slarrattpf@drupal.org
Car,clackeyepg@liveinternet.ru
Aviva,arudigerph@ftc.gov
Banky,brobetpi@google.nl
Erek,emurcuttpj@cargocollective.com
Ellis,edorgonpk@marriott.com
Jeanie,jglanzpl@wix.com
Janet,jdebruinpm@salon.com
Tim,tbudikpn@latimes.com
Ursulina,uroullierpo@weebly.com
Leda,lgoneaupp@harvard.edu
Miller,moranspq@nymag.com
Pattie,ptottpr@rakuten.co.jp
Robbert,rkeelps@histats.com
Franny,fhumphreypt@irs.gov
Forester,fclemmeypu@cafepress.com
Caz,cbidwellpv@devhub.com
Laurena,lsirkettpw@tripadvisor.com
Dianna,dscahillpx@amazon.com
Ernaline,ecasespy@reddit.com
Dottie,dcolvinepz@webeden.co.uk
Dud,dprallq0@e-recht24.de
Roch,rarchanbaultq1@chronoengine.com
Ilene,ipinckedq2@cocolog-nifty.com
Warner,wzoanettiq3@technorati.com
Charmain,cboydleq4@purevolume.com
Ingemar,ifleuryq5@phpbb.com
Shanan,sdeeneyq6@marketwatch.com
Valene,vcarncrossq7@illinois.edu
Karisa,ktimmesq8@moonfruit.com
Gottfried,gbickstethq9@sphinn.com
Starlene,srosenfarbqa@princeton.edu
Langsdon,lpavelkaqb@biblegateway.com
Jinny,jlongridgeqc@cafepress.com
Lissi,lczadlaqd@privacy.gov.au
Chaunce,cberfootqe@sina.com.cn
Christan,cflintqf@salon.com
Alexandros,atorrqg@goo.gl
Josias,jbentjeqh@ocn.ne.jp
Anny,alealeqi@feedburner.com
Corbie,cmeriothqj@amazon.de
Madison,mkirvinqk@techcrunch.com
Iolande,igravenerql@smugmug.com
Claudie,cberardqm@xinhuanet.com
Wheeler,walimanqn@springer.com
Selina,sheaphyqo@linkedin.com
Valentijn,vconigsbyqp@purevolume.com
Marlowe,melstowqq@imageshack.us
Avis,ashoveltonqr@narod.ru
Augustine,astorckeqs@wired.com
Ervin,etrebbleqt@dropbox.com
Dougy,disoldiqu@sun.com
Chilton,ctittletrossqv@macromedia.com
Celestyn,cdelacosteqw@state.tx.us
Thain,tmacallanqx@fema.gov
Bartram,bhaddonqy@shareasale.com
Kendra,ksuffieldqz@washingtonpost.com
Webb,wdownesr0@ted.com
Konstanze,khattr1@com.com
Elianora,etreweelar2@adobe.com
Merrie,mwoolfallr3@artisteer.com
Lacy,lshaplandr4@google.co.uk
Boonie,bchettoer5@google.com.hk
Melisande,mpoacherr6@shareasale.com
Ham,hsimnorr7@apple.com
Nolie,nharfleetr8@jugem.jp
Grace,gfiguresr9@weather.com
Dev,ddignamra@simplemachines.org
Mia,mpretswellrb@house.gov
Tonia,tpetheridgerc@themeforest.net
Rollo,rloncasterrd@unesco.org
Sara,sdelacire@oaic.gov.au
Caria,cfarnonrf@usda.gov
Caria,chegertyrg@si.edu
Amalie,agrestyrh@blinklist.com
Kristofer,kleitherri@blogspot.com
Bobinette,bdeveralrj@typepad.com
Doll,dwhitingtonrk@ocn.ne.jp
Eleonora,emackonochierl@github.com
Blayne,blapreerm@so-net.ne.jp
Michaelina,mbowshirern@scientificamerican.com
Arvin,agrayshanro@sogou.com
Early,ehallgoughrp@cpanel.net
Rozanna,rklulisekrq@berkeley.edu
Simonne,sburnsellrr@irs.gov
